Word_No,Cluster,Language,Word
1,1,Hindi,
1,1,Russian,
1,1,Sanskrit,
1,2,French,la
1,2,Italian,ila
1,2,Spanish,la
1,3,English,the
1,4,German,das
1,5,Latin,quod
2,1,French,de
2,1,Spanish,de
2,2,English,of
2,3,German,fon
2,4,Hindi,ka
2,5,Italian,di
2,6,Latin,autem
2,7,Russian,iz
2,8,Sanskrit,
3,0,English,to
3,1,German,zu
3,2,Hindi,seva mere
3,3,Italian,aa
3,4,Latin,ut
3,5,Spanish,a
3,6,French,à
3,7,Russian,vey
3,8,Sanskrit,
4,1,French,et
4,1,Latin,et
4,2,English,and
4,3,German,unt
4,4,Hindi,tatha
4,5,Italian,a
4,6,Spanish,y
4,7,Russian,a takzhe
4,8,Sanskrit,tu
5,1,Russian,
5,1,Sanskrit,
5,2,French,une
5,2,Italian,un
5,2,Spanish,uno
5,3,English,a
5,4,German,ein
5,5,Hindi,e
5,6,Latin,autem
6,0,English,in
6,1,German,im
6,2,Hindi,mein
6,3,Italian,nela
6,4,Latin,apud
6,5,Spanish,en
6,6,French,dans
6,7,Russian,vey
6,8,Sanskrit,
7,1,English,is
7,1,German,is
7,1,Latin,is
7,2,French,est
7,2,Spanish,es
7,3,Hindi,hai
7,4,Italian,eh
7,5,Russian,yavlyayetsya
7,6,Sanskrit,
8,1,English,it
8,1,Latin,it
8,2,German,est
8,3,Hindi,yaha
8,4,Italian,isso
8,5,Spanish,eso
8,6,French,il
8,7,Russian,Eto
8,8,Sanskrit,
9,1,Italian,tu
9,1,Spanish,thu
9,2,French,vous
9,2,Latin,vos
9,3,English,you
9,4,German,zie
9,5,Hindi,aap
9,6,Russian,vy
9,7,Sanskrit,bhavantham
10,0,English,that
10,1,German,das
10,2,Hindi,us
10,3,Italian,quello
10,4,Latin,quod
10,5,Spanish,ese
10,6,French,cette
10,7,Russian,tot
10,8,Sanskrit,yath
11,0,English,he
11,1,German,er
11,2,Hindi,vah
11,3,Italian,lui
11,4,Latin,quod
11,5,Spanish,el
11,6,French,il
11,7,Russian,on
11,8,Sanskrit,
12,1,English,was
12,1,Latin,was
12,2,German,waar
12,3,Hindi,tha
12,4,Italian,era
12,5,Spanish,estaba
12,6,French,était
12,7,Russian,Bylo
12,8,Sanskrit,
13,1,Italian,pera
13,1,Spanish,para
13,2,English,for
13,3,German,zum
13,4,Hindi,ke liye
13,5,Latin,quia
13,6,French,pour
13,7,Russian,za
13,8,Sanskrit,hi
14,0,English,on
14,1,German,auf
14,2,Hindi,par
14,3,Italian,sopra
14,4,Latin,in
14,5,Spanish,en
14,6,French,sur
14,7,Russian,na
14,8,Sanskrit,
15,1,French,sont
15,1,Latin,sunt
15,1,Spanish,son
15,2,English,are
15,3,German,zind
15,4,Hindi,kar rahe hain
15,5,Italian,siamo
15,6,Russian,yavlyayutsya
15,7,Sanskrit,
16,1,Italian,con
16,1,Spanish,con
16,2,English,with
16,3,German,mit
16,4,Hindi,saath mein
16,5,Latin,apud
16,6,French,avec
16,7,Russian,sa
16,8,Sanskrit,sardham
17,1,French,comme
17,1,Italian,come
17,1,Spanish,como
17,2,English,as
17,3,German,wie
17,4,Hindi,jaisa
17,5,Latin,quod
17,6,Russian,kak
17,7,Sanskrit,
18,0,English,I
18,1,German,ish
18,2,Hindi,main
18,3,Italian,io
18,4,Latin,ego
18,5,Spanish,yo
18,6,French,je
18,7,Russian,ya
18,8,Sanskrit,
19,0,English,his
19,1,German,seina
19,2,Hindi,usake
19,3,Italian,il suo
19,4,Latin,eius
19,5,Spanish,su
19,6,French,le sien
19,7,Russian,yego
19,8,Sanskrit,
20,0,English,they
20,1,German,zie
20,2,Hindi,ve
20,3,Italian,essi
20,4,Latin,quod
20,5,Spanish,elyos
20,6,French,ils
20,7,Russian,Oni
20,8,Sanskrit,tah
21,0,English,be
21,1,German,zein
21,2,Hindi,hona
21,3,Italian,essere
21,4,Latin,quod
21,5,Spanish,ser
21,6,French,être
21,7,Russian,byt
21,8,Sanskrit,
22,1,Italian,a
22,1,Spanish,a
22,2,English,at
22,3,German,beim
22,4,Hindi,par
22,5,Latin,apud
22,6,French,à
22,7,Russian,vey
22,8,Sanskrit,
23,1,French,un
23,1,Italian,uno
23,1,Spanish,uno
23,2,English,one
23,3,German,ein
23,4,Hindi,ek
23,5,Latin,unus
23,6,Russian,odin
23,7,Sanskrit,ekah
24,1,German,haben
24,1,Latin,habet
24,2,English,have
24,3,Hindi,hai
24,4,Italian,avere
24,5,Spanish,thener
24,6,French,avoir
24,7,Russian,imet
24,8,Sanskrit,
25,0,English,this
25,1,German,diese
25,2,Hindi,is
25,3,Italian,Questo
25,4,Latin,haec
25,5,Spanish,estha
25,6,French,ce
25,7,Russian,etot
25,8,Sanskrit,etath
26,0,English,from
26,1,German,fon
26,2,Hindi,se
26,3,Italian,a partire dala
26,4,Latin,ex
26,5,Spanish,dhesdhe
26,6,French,de
26,7,Russian,ot
26,8,Sanskrit,
27,1,Italian,o
27,1,Spanish,o
27,2,English,or
27,3,German,oder
27,4,Hindi,ya
27,5,Latin,uel
27,6,French,ou
27,7,Russian,ili zhe
27,8,Sanskrit,
28,1,English,had
28,1,Latin,had
28,2,German,hatten
28,3,Hindi,tha
28,4,Italian,aveva
28,5,Spanish,thenia
28,6,French,eu
28,7,Russian,Imel
28,8,Sanskrit,
29,0,English,by
29,1,German,duish
29,2,Hindi,dvaara
29,3,Italian,di
29,4,Latin,per
29,5,Spanish,por
29,6,French,par
29,7,Russian,ot
29,8,Sanskrit,
30,1,Italian,caldo
30,1,Latin,calidi
30,2,English,hot
30,3,German,heiss
30,4,Hindi,garam
30,5,Spanish,caliente
30,6,French,chaud
30,7,Russian,goryachey
30,8,Sanskrit,ushna
31,1,Hindi,shabd
31,1,Sanskrit,shabda
31,2,English,word
31,3,German,Wort
31,4,Italian,parola
31,5,Latin,sermo
31,6,Spanish,palabra
31,7,French,mot
31,8,Russian,slovo
32,0,English,but
32,1,German,aber
32,2,Hindi,parantu
32,3,Italian,ma
32,4,Latin,autem
32,5,Spanish,pero
32,6,French,mais
32,7,Russian,no
32,8,Sanskrit,param
33,0,English,what
33,1,German,vas
33,2,Hindi,kya
33,3,Italian,ke cosa
33,4,Latin,Quid
33,5,Spanish,ke
33,6,French,quoi
33,7,Russian,kakiye
33,8,Sanskrit,kim
34,0,English,some
34,1,German,etwas
34,2,Hindi,kuchh
34,3,Italian,alcuni
34,4,Latin,aliquid
34,5,Spanish,algunos
34,6,French,certains
34,7,Russian,nemnogo
34,8,Sanskrit,kathichana
35,1,Italian,noi
35,1,Latin,nobis
35,2,English,we
35,3,German,wir
35,4,Hindi,ham
35,5,Spanish,nosothros
35,6,French,nous
35,7,Russian,my
35,8,Sanskrit,
36,0,English,can
36,1,German,kannen
36,2,Hindi,kar sakate hain
36,3,Italian,può
36,4,Latin,potes
36,5,Spanish,puedhe
36,6,French,pouvez
36,7,Russian,Mozhno
36,8,Sanskrit,kutupa
37,0,English,out
37,1,German,aus
37,2,Hindi,baahar
37,3,Italian,su
37,4,Latin,de
37,5,Spanish,afuera
37,6,French,en dehors
37,7,Russian,iz
37,8,Sanskrit,bahis
38,1,English,other
38,1,Hindi,other
38,2,German,andere
38,3,Italian,altro
38,4,Latin,alium
38,5,Spanish,otro
38,6,French,autre
38,7,Russian,Drugoy
38,8,Sanskrit,para
39,1,English,were
39,1,Latin,were
39,2,German,wurden
39,3,Hindi,the
39,4,Italian,erano
39,5,Spanish,fueron
39,6,French,étaient
39,7,Russian,my
39,8,Sanskrit,
40,1,English,all
40,1,German,allez
40,2,Hindi,sab
40,3,Italian,tutti
40,4,Latin,omnis
40,5,Spanish,todhos
40,6,French,tout
40,7,Russian,vse
40,8,Sanskrit,sakala
41,1,French,Là
41,1,Italian,Là
41,2,English,there
41,3,German,Dort
41,4,Hindi,kya aap vahaan maujood hain
41,5,Latin,ibi
41,6,Spanish,ahi
41,7,Russian,tam
41,8,Sanskrit,tatra
42,0,English,when
42,1,German,wann
42,2,Hindi,kab
42,3,Italian,dove
42,4,Latin,quod
42,5,Spanish,cuandho
42,6,French,quand
42,7,Russian,kogda
42,8,Sanskrit,kadha
43,0,English,up
43,1,German,oben
43,2,Hindi,oopar
43,3,Italian,su
43,4,Latin,autem
43,5,Spanish,arriba
43,6,French,en haut
43,7,Russian,vverkh
43,8,Sanskrit,uppar
44,1,English,use
44,1,Italian,use
44,1,Latin,use
44,2,German,benutzen
44,3,Hindi,upyog
44,4,Spanish,uthilazar
44,5,French,utilisation
44,6,Russian,ispolzovaniye
44,7,Sanskrit,viniyoga
45,0,English,your
45,1,German,Ihre
45,2,Hindi,tunhaare
45,3,Italian,il tuo
45,4,Latin,vestra
45,5,Spanish,tu
45,6,French,votre
45,7,Russian,vash
45,8,Sanskrit,bhavadiya
46,1,French,Comment
46,1,Italian,Come
46,2,English,how
46,3,German,Wie
46,4,Hindi,kis tarah
46,5,Latin,quam
46,6,Spanish,como
46,7,Russian,kak
46,8,Sanskrit,kena
47,0,English,said
47,1,German,zagte
47,2,Hindi,kaha hua
47,3,Italian,disse
47,4,Latin,ait:
47,5,Spanish,diho
47,6,French,m'a dit
47,7,Russian,skazal
47,8,Sanskrit,abhhita
48,1,Russian,
48,1,Sanskrit,
48,2,French,un
48,2,Italian,uno
48,2,Spanish,un
48,3,English,an
48,4,German,ein
48,5,Hindi,ek
48,6,Latin,quod
49,0,English,each
49,1,German,yeder
49,2,Hindi,se pratyek
49,3,Italian,ogni
49,4,Latin,quisque
49,5,Spanish,cadha
49,6,French,chaque
49,7,Russian,kazhdyy
49,8,Sanskrit,sarva
50,0,English,she
50,1,German,zie
50,2,Hindi,vah
50,3,Italian,lei
50,4,Latin,quæ
50,5,Spanish,elya
50,6,French,elle
50,7,Russian,ona
50,8,Sanskrit,
51,0,English,which
51,1,German,welche
51,2,Hindi,kaun kaun se
51,3,Italian,quale
51,4,Latin,quod
51,5,Spanish,cual
51,6,French,lequel
51,7,Russian,kotoryy
51,8,Sanskrit,kim
52,1,French,faire
52,1,Italian,fare
52,1,Latin,facite
52,2,English,do
52,3,German,tun
52,4,Hindi,karana
52,5,Spanish,hacer
52,6,Russian,delat
52,7,Sanskrit,
53,0,English,their
53,1,German,ihr
53,2,Hindi,jo apane
53,3,Italian,loro
53,4,Latin,eorum
53,5,Spanish,su
53,6,French,leur
53,7,Russian,ikh
53,8,Sanskrit,
54,1,French,temps
54,1,Italian,tempo
54,1,Latin,tempus
54,2,English,time
54,3,German,Zeit
54,4,Hindi,pahar
54,5,Spanish,hora
54,6,Russian,vremya
54,7,Sanskrit,samya
55,1,French,si
55,1,Latin,si
55,2,English,if
55,3,German,op
55,4,Hindi,agar
55,5,Italian,Se
55,6,Spanish,Si
55,7,Russian,yesli
55,8,Sanskrit,
56,1,French,volonté
56,1,Italian,volontà
56,2,English,will
56,3,German,werden
56,4,Hindi,marjee
56,5,Latin,autem
56,6,Spanish,sera
56,7,Russian,budut
56,8,Sanskrit,iccha
57,0,English,way
57,1,German,Wek
57,2,Hindi,maarg
57,3,Italian,modho
57,4,Latin,ita
57,5,Spanish,camino
57,6,French,façon
57,7,Russian,put
57,8,Sanskrit,paddhati
58,0,English,about
58,1,German,Über
58,2,Hindi,ke baare mein
58,3,Italian,di
58,4,Latin,fere
58,5,Spanish,acerka dhe
58,6,French,sur
58,7,Russian,okolo
58,8,Sanskrit,prati
59,1,Italian,molti
59,1,Latin,multis
59,2,English,many
59,2,Sanskrit,many
59,3,German,fiele
59,4,Hindi,anek
59,5,Spanish,muchos
59,6,French,beaucoup
59,7,Russian,mnogo
60,0,English,then
60,1,German,dann
60,2,Hindi,phir
60,3,Italian,poi
60,4,Latin,tum
60,5,Spanish,enthonces
60,6,French,puis
60,7,Russian,zatem
60,8,Sanskrit,thadanim
61,0,English,them
61,1,German,Sie
61,2,Hindi,unhen
61,3,Italian,loro
61,4,Latin,illis
61,5,Spanish,ellos
61,6,French,leur
61,7,Russian,ikh
61,8,Sanskrit,
62,1,Latin,scribo
62,1,Spanish,escribir
62,2,English,write
62,3,German,schreiben
62,4,Hindi,likho
62,5,Italian,Scrivi
62,6,French,écrire
62,7,Russian,zapisyvat
62,8,Sanskrit,lekhana
63,0,English,would
63,1,German,wurde
63,2,Hindi,hoga
63,3,Italian,voluto
63,4,Latin,"esset,"
63,5,Spanish,haría
63,6,French,aurait
63,7,Russian,bylo by
63,8,Sanskrit,
64,0,English,like
64,1,German,mogen
64,2,Hindi,pasand
64,3,Italian,piache
64,4,Latin,tamquam
64,5,Spanish,me gusta
64,6,French,comme
64,7,Russian,layk
64,8,Sanskrit,sadrza
65,1,English,so
65,1,German,so
65,2,Hindi,isalie
65,3,Italian,cosi
65,4,Latin,ita
65,5,Spanish,asi  ke
65,6,French,alors
65,7,Russian,tak
65,8,Sanskrit,
66,1,English,these
66,1,Latin,these
66,2,German,diese
66,3,Hindi,inh
66,4,Italian,questhi
66,5,Spanish,estos
66,6,French,celles-ci
66,7,Russian,eti
66,8,Sanskrit,etah
67,1,French,sa
67,1,Italian,sua
67,1,Spanish,su
67,2,English,her
67,3,German,ihr
67,4,Hindi,usake
67,5,Latin,eius
67,6,Russian,yey
67,7,Sanskrit,
68,1,English,long
68,1,French,longue
68,1,German,lange
68,1,Latin,longus
68,2,Hindi,lamba
68,3,Italian,lungo
68,4,Spanish,largo
68,5,Russian,dolgo
68,6,Sanskrit,dirgha
69,1,French,faire
69,1,Latin,facere
69,1,Spanish,hacer
69,2,English,make
69,3,German,machen
69,4,Hindi,banaana
69,5,Italian,rendere
69,6,Russian,delat
69,7,Sanskrit,kalpayati
70,1,Italian,cosa
70,1,Spanish,cosa
70,2,English,thing
70,3,German,Ding
70,4,Hindi,cheez
70,5,Latin,rem
70,6,French,chose
70,7,Russian,veshch
70,8,Sanskrit,vastu
71,1,Italian,vedhere
71,1,Latin,videre
71,2,English,see
71,3,German,zehen
71,4,Hindi,dekh
71,5,Spanish,ver
71,6,French,voir
71,7,Russian,uvidet
71,8,Sanskrit,darzanam karoti
72,1,French,lui
72,1,Italian,lui
72,2,English,him
72,3,German,ihm
72,4,Hindi,use
72,5,Latin,eum
72,6,Spanish,el
72,7,Russian,yemu
72,8,Sanskrit,
73,1,Hindi,do
73,1,Latin,duo
73,1,Spanish,dos
73,2,English,two
73,3,German,zwei
73,4,Italian,Due
73,5,French,deux
73,6,Russian,dva
73,7,Sanskrit,dvi
74,1,English,has
74,1,German,has
74,1,Hindi,hai
74,1,Italian,ha
74,1,Latin,has
74,2,Spanish,tiene
74,3,French,a
74,4,Russian,imeyet
74,5,Sanskrit,
75,0,English,look
75,1,German,aussehen
75,2,Hindi,dekhana
75,3,Italian,Guarda
75,4,Latin,quaerere
75,5,Spanish,Mira
75,6,French,Regardez
75,7,Russian,smotret
75,8,Sanskrit,dristikshepa
76,1,Hindi,adhik
76,1,Sanskrit,adhika
76,2,English,more
76,3,German,Mehr
76,4,Italian,Di Piu
76,5,Latin,magis
76,6,Spanish,Mas
76,7,French,plus
76,8,Russian,Bolshe
77,0,English,day
77,1,German,Tak
77,2,Hindi,din
77,3,Italian,giorno
77,4,Latin,dies
77,5,Spanish,dia
77,6,French,journée
77,7,Russian,den
77,8,Sanskrit,divasa
78,1,Italian,potheva
78,1,Latin,poterat
78,2,English,could
78,3,German,konnte
78,4,Hindi,sakata hai
78,5,Spanish,podría
78,6,French,pourrait
78,7,Russian,mog
78,8,Sanskrit,
79,0,English,go
79,1,German,gehen
79,2,Hindi,chale jao
79,3,Italian,partire
79,4,Latin,vade
79,5,Spanish,ir
79,6,French,aller
79,7,Russian,idti
79,8,Sanskrit,
80,1,French,viens
80,1,Italian,venire
80,1,Latin,veni
80,1,Spanish,ven
80,2,English,come
80,3,German,Kommen zie
80,4,Hindi,aaie
80,5,Russian,priyti
80,6,Sanskrit,abhyagata
81,1,English,did
81,1,Latin,did
81,2,German,tat
81,3,Hindi,kiya tha
81,4,Italian,fatho
81,5,Spanish,hizo
81,6,French,fait
81,7,Russian,sdelal
81,8,Sanskrit,
82,1,Hindi,sankhya
82,1,Sanskrit,saghkya
82,2,English,number
82,2,Italian,numero
82,2,Latin,numerus
82,2,Spanish,número
82,3,German,Nummer
82,4,French,nombre
82,5,Russian,chislo
83,1,Hindi,dhvani
83,1,Sanskrit,dhvan
83,2,English,sound
83,3,German,klingen
83,4,Italian,suono
83,5,Latin,canetis
83,6,Spanish,sonar
83,7,French,du son
83,8,Russian,zvuk
84,1,English,no
84,1,French,non
84,1,Italian,no
84,1,Spanish,no
84,2,German,Nein
84,3,Hindi,nahin
84,4,Latin,nihil
84,5,Russian,net
84,6,Sanskrit,
85,1,Hindi,adhikaansh
85,1,Sanskrit,adhikatma
85,2,English,most
85,3,German,die meisten
85,4,Italian,maggor parte
85,5,Latin,maxime
85,6,Spanish,más
85,7,French,plus
85,8,Russian,samyy
86,1,French,personnes
86,1,Italian,persone
86,2,English,people
86,3,German,Menschen
86,4,Hindi,log
86,5,Latin,populus
86,6,Spanish,siente
86,7,Russian,lyudi
86,8,Sanskrit,narah
87,1,English,my
87,1,Russian,moy
87,2,Italian,mio
87,2,Spanish,mi
87,3,German,meine
87,4,Hindi,mere
87,5,Latin,mea
87,6,French,mon
87,7,Sanskrit,
88,0,English,over
88,1,German,Über
88,2,Hindi,oopar
88,3,Italian,oltre
88,4,Latin,super
88,5,Spanish,terminadho
88,6,French,plus de
88,7,Russian,nad
88,8,Sanskrit,uttara
89,0,English,know
89,1,German,kennt
89,2,Hindi,jaanana
89,3,Italian,conoshere
89,4,Latin,scio
89,5,Spanish,saber
89,6,French,savoir
89,7,Russian,znat
89,8,Sanskrit,
90,1,Italian,acqua
90,1,Latin,aqua
90,1,Spanish,agua
90,2,English,water
90,3,German,Wasser
90,4,Hindi,paanee
90,5,French,eau
90,6,Russian,vody
90,7,Sanskrit,jala
91,1,French,que
91,1,Spanish,que
91,2,English,than
91,3,German,als
91,4,Hindi,se
91,5,Italian,di
91,6,Latin,quam
91,7,Russian,chem
91,8,Sanskrit,iva
92,0,English,call
92,1,German,Anhuf
92,2,Hindi,kol
92,3,Italian,chiamatha
92,4,Latin,voca
92,5,Spanish,llamada
92,6,French,appel
92,7,Russian,vyzov
92,8,Sanskrit,aahu
93,1,French,premier
93,1,Italian,primo
93,1,Latin,primis
93,1,Spanish,primero
93,2,English,first
93,3,German,zuerst
93,4,Hindi,pratham
93,5,Russian,piervyy
93,6,Sanskrit,agrima
94,1,French,qui
94,1,Latin,qui
94,2,English,who
94,3,German,Wer
94,4,Hindi,kaun
94,5,Italian,chi
94,6,Spanish,qien
94,7,Russian,kto
94,8,Sanskrit,katala
95,1,English,may
95,1,Spanish,mayo
95,2,German,kann
95,3,Hindi,ho sakata hai
95,4,Italian,pothrebbe
95,5,Latin,ut
95,6,French,peut
95,7,Russian,mozhet
95,8,Sanskrit,pajcamamsa
96,1,Hindi,neeche
96,1,Sanskrit,neeche
96,2,English,down
96,3,German,Nieder
96,4,Italian,giu
96,5,Latin,descendit
96,6,Spanish,abaho
96,7,French,vers le bas
96,8,Russian,vniz
97,1,Italian,latho
97,1,Spanish,ladho
97,2,English,side
97,3,German,zeite
97,4,Hindi,paksh
97,5,Latin,latus
97,6,French,côté
97,7,Russian,bokovaya storona
97,8,Sanskrit,tiryarcha
98,1,Italian,sthatho
98,1,Spanish,esthadho
98,2,English,been
98,2,Latin,been
98,3,German,gewesen
98,4,Hindi,gaya
98,5,French,été
98,6,Russian,bylo by
98,7,Sanskrit,
99,0,English,now
99,1,German,yetzt
99,2,Hindi,abhee va
99,3,Italian,adesso
99,4,Latin,nunc
99,5,Spanish,ahora
99,6,French,à présent
99,7,Russian,seychas
99,8,Sanskrit,nunam
100,1,English,find
100,1,German,finden
100,2,Hindi,khoj
100,3,Italian,throva
100,4,Latin,inveniet
100,5,Spanish,encontrar
100,6,French,trouver
100,7,Russian,nakhodit
100,8,Sanskrit,samsidati
101,0,English,any
101,1,German,irgendein
101,2,Hindi,koee bhee
101,3,Italian,qualunque
101,4,Latin,nihil
101,5,Spanish,alguna
101,6,French,tout
101,7,Russian,lyuboy
101,8,Sanskrit,
102,1,Italian,nuovo
102,1,Spanish,nuevo
102,2,English,new
102,3,German,Neu
102,4,Hindi,naya
102,5,Latin,novus
102,6,French,Nouveau
102,7,Russian,novyy
102,8,Sanskrit,navin
103,0,English,work
103,1,German,Arbeit
103,2,Hindi,kaam
103,3,Italian,lavoro
103,4,Latin,opus
103,5,Spanish,trabaho
103,6,French,travail
103,7,Russian,Rabota
103,8,Sanskrit,karman
104,1,English,part
104,1,French,partie
104,1,Italian,parthe
104,1,Latin,pars
104,1,Spanish,parthe
104,2,German,Teil
104,3,Hindi,ansh
104,4,Russian,chast
104,5,Sanskrit,bhaga
105,1,French,prendre
105,1,Italian,prendhere
105,2,English,take
105,3,German,nehmen
105,4,Hindi,lena
105,5,Latin,accipere
105,6,Spanish,thomar
105,7,Russian,prinimat
105,8,Sanskrit,aadatte
106,1,French,obtenir
106,1,Italian,otthenere
106,1,Spanish,obtener
106,2,English,get
106,3,German,erhalten
106,4,Hindi,praapt
106,5,Latin,ut
106,6,Russian,poluchit
106,7,Sanskrit,labhate
107,1,Hindi,jagah
107,1,Sanskrit,jagah
107,2,English,place
107,3,German,Platz
107,4,Italian,postho
107,5,Latin,locus
107,6,Spanish,lugar
107,7,French,endroit
107,8,Russian,mesto
108,0,English,made
108,1,German,gemasht
108,2,Hindi,banaaya gaya
108,3,Italian,fattho
108,4,Latin,factum
108,5,Spanish,hecho
108,6,French,fabriqué
108,7,Russian,sdelal
108,8,Sanskrit,rachitha
109,1,French,vivre
109,1,Italian,vivere
109,1,Latin,vivet
109,1,Spanish,vivir
109,2,English,live
109,3,German,Leben
109,4,Hindi,jeena
109,5,Russian,zhit
109,6,Sanskrit,vasati
110,1,English,where
110,1,German,woher
110,2,Hindi,kaha pe
110,3,Italian,dhove
110,4,Latin,ubi
110,5,Spanish,dhondhe
110,6,French,où
110,7,Russian,gde
110,8,Sanskrit,kutra
111,0,English,after
111,1,German,nash dem
111,2,Hindi,baad
111,3,Italian,dhopo
111,4,Latin,post
111,5,Spanish,despues
111,6,French,après
111,7,Russian,posle
111,8,Sanskrit,uttara
112,0,English,back
112,1,German,zurück
112,2,Hindi,vaapas
112,3,Italian,indietro
112,4,Latin,rursus
112,5,Spanish,atras
112,6,French,retour
112,7,Russian,nazad
112,8,Sanskrit,
113,0,English,little
113,1,German,wenig
113,2,Hindi,thoda
113,3,Italian,poco
113,4,Latin,paulo
113,5,Spanish,pekenyo
113,6,French,peu
113,7,Russian,nemnogo
113,8,Sanskrit,laghu
114,1,Hindi,keval
114,1,Sanskrit,kevalam
114,2,English,only
114,3,German,nur
114,4,Italian,solo
114,5,Latin,tantum
114,6,Spanish,solamente
114,7,French,seulement
114,8,Russian,tolko
115,1,English,round
115,1,French,rond
115,1,German,runden
115,1,Spanish,redondo
115,2,Hindi,gol
115,3,Italian,il giro
115,4,Latin,circum
115,5,Russian,kruglyy
115,6,Sanskrit,vartula
116,1,French,homme
116,1,Spanish,hombre
116,2,English,man
116,3,German,Mann
116,4,Hindi,aadamee
116,5,Italian,uomo
116,6,Latin,vir
116,7,Russian,chelovek
116,8,Sanskrit,purusha
117,1,English,year
117,1,German,yahr
117,2,Italian,anno
117,2,Spanish,anyo
117,3,Hindi,saal
117,4,Latin,annos singulos
117,5,French,année
117,6,Russian,god
117,7,Sanskrit,varsa
118,1,English,came
118,1,German,came
118,1,Latin,came
118,2,Hindi,aa gaya
118,2,Sanskrit,aagata
118,3,Italian,e venutho
118,4,Spanish,vino
118,5,French,venu
118,6,Russian,prishel
119,1,English,show
119,1,German,Show
119,1,Russian,shou
119,2,French,spectacle
119,2,Spanish,espectaclo
119,3,Hindi,pradarshan
119,4,Italian,mostrare
119,5,Latin,ostende
119,6,Sanskrit,drishya
120,0,English,every
120,1,German,yeden
120,2,Hindi,har ek
120,3,Italian,ogni
120,4,Latin,omne
120,5,Spanish,cada
120,6,French,chaque
120,7,Russian,kazhdyy
120,8,Sanskrit,sarva
121,1,French,bien
121,1,Italian,bene
121,2,English,good
121,3,German,gut
121,4,Hindi,achchha
121,5,Latin,bonum
121,6,Spanish,bueno
121,7,Russian,khorosho
121,8,Sanskrit,kritin
122,1,English,me
122,1,Italian,me
122,1,Russian,mne
122,2,German,mir
122,3,Hindi,mujhe
122,4,Latin,mihi
122,5,Spanish,yo
122,6,French,moi
122,7,Sanskrit,
123,1,Italian,dare
123,1,Latin,dare
123,1,Spanish,dar
123,2,English,give
123,3,German,geben
123,4,Hindi,dena
123,5,French,donner
123,6,Russian,dat
123,7,Sanskrit,dadati
124,1,Italian,nosthro
124,1,Latin,nostrorum
124,1,Spanish,nuestro
124,2,English,our
124,3,German,unsere
124,4,Hindi,hamaaree
124,5,French,notre
124,6,Russian,nash
124,7,Sanskrit,asmakam
125,1,English,under
125,1,German,unter
125,2,Hindi,ke antargat
125,3,Italian,sottho
125,4,Latin,sub
125,5,Spanish,debaho
125,6,French,sous
125,7,Russian,pod
125,8,Sanskrit,adhah
126,1,English,name
126,1,Hindi,naam
126,1,Italian,nome
126,1,Latin,nomine
126,1,Spanish,nombre
126,2,German,Nam
126,3,French,prénom
126,4,Russian,nazvaniye
126,5,Sanskrit,aakhya
127,0,English,very
127,1,German,sehr
127,2,Hindi,bahut
127,3,Italian,moltho
127,4,Latin,ipsum
127,5,Spanish,muy
127,6,French,très
127,7,Russian,ochen
127,8,Sanskrit,ativa
128,1,French,à travers
128,1,Italian,attraverso
128,2,English,through
128,3,German,durch
128,4,Hindi,ke maadhyam se
128,5,Latin,propter
128,6,Spanish,mediante
128,7,Russian,cherez
128,8,Sanskrit,viyati
129,1,English,just
129,1,French,juste
129,2,German,gerade
129,3,Hindi,keval
129,4,Italian,appena
129,5,Latin,tantum
129,6,Spanish,solo
129,7,Russian,prosto
129,8,Sanskrit,viyati
130,1,English,form
130,1,French,forme
130,1,Latin,forma
130,1,Russian,forma
130,1,Spanish,formar
130,2,German,bilden
130,3,Hindi,prapatr
130,4,Italian,modulo
130,5,Sanskrit,akara
131,1,French,phrase
131,1,Italian,frase
131,1,Spanish,frase
131,2,English,sentence
131,3,German,Satz
131,4,Hindi,vaaky
131,5,Latin,damnationem
131,6,Russian,predlozheniye
131,7,Sanskrit,
132,1,Hindi,mahaan
132,1,Sanskrit,majan
132,2,English,great
132,3,German,grossartig
132,4,Italian,grande
132,5,Latin,magna
132,6,Spanish,henial
132,7,French,génial
132,8,Russian,otlichnyy
133,1,Russian,schitat
133,1,Sanskrit,chintyati
133,2,French,pense
133,2,Italian,pensare
133,2,Spanish,pensar
133,3,English,think
133,4,German,denken
133,5,Hindi,soch
133,6,Latin,cogitare
134,1,French,dire
134,1,Italian,dire
134,1,Latin,dicere
134,2,English,say
134,3,German,zagen
134,4,Hindi,kahana
134,5,Spanish,decir
134,6,Russian,skazat
134,7,Sanskrit,vadati
135,0,English,help
135,1,German,Hilfe
135,2,Hindi,madad
135,3,Italian,Aiuto
135,4,Latin,auxilium
135,5,Spanish,ayuda
135,6,French,Aidez-moi
135,7,Russian,Pomogite
135,8,Sanskrit,sahayatha
136,0,English,low
136,1,German,niedrig
136,2,Hindi,kam
136,3,Italian,Basso
136,4,Latin,humilis
136,5,Spanish,baho
136,6,French,faible
136,7,Russian,nizkiy
136,8,Sanskrit,neeche
137,1,English,line
137,1,French,ligne
137,1,Hindi,lain
137,1,Italian,linea
137,1,Russian,liniya
137,1,Spanish,linea
137,2,German,Linie
137,3,Latin,acies
137,4,Sanskrit,rekha
138,1,English,differ
138,1,French,différer
138,1,Italian,differire
138,1,Latin,differunt
138,1,Spanish,diferir de
138,2,German,sich unterscheiden
138,3,Hindi,alag
138,4,Russian,otlichatsya
138,5,Sanskrit,bhinna
139,1,English,turn
139,1,French,tour
139,1,Italian,turno
139,2,German,Wende
139,3,Hindi,mod
139,4,Latin,rursus
139,5,Spanish,giro
139,6,Russian,ochered
139,7,Sanskrit,vakra
140,1,English,cause
140,1,French,cause
140,1,Italian,causa
140,1,Latin,causam
140,2,German,Ursashe
140,3,Hindi,kaaran
140,4,Spanish,porque
140,5,Russian,prichina
140,6,Sanskrit,upapatti
141,1,Hindi,bahut
141,1,Sanskrit,bahula
141,2,English,much
141,2,Spanish,mucho
141,3,German,fiel
141,4,Italian,tantho
141,5,Latin,tantum
141,6,French,beaucoup
141,7,Russian,mnogo
142,1,French,signifier
142,1,Italian,signifikare
142,2,English,mean
142,3,German,bedeuten
142,4,Hindi,matalab
142,5,Latin,medium
142,6,Spanish,medhia
142,7,Russian,imeyu v vidu
142,8,Sanskrit,krupana
143,0,English,before
143,1,German,for
143,2,Hindi,pahale
143,3,Italian,prima
143,4,Latin,ante
143,5,Spanish,antes de
143,6,French,avant
143,7,Russian,do
143,8,Sanskrit,purvam
144,1,English,move
144,1,Latin,move
144,2,German,Bewegung
144,3,Hindi,chaal
144,4,Italian,mossa
144,5,Spanish,movimiento
144,6,French,bouge toi
144,7,Russian,pereyekhat
144,8,Sanskrit,chalati
145,0,English,right
145,1,German,Resht
145,2,Hindi,sahee
145,3,Italian,destra
145,4,Latin,iustum
145,5,Spanish,Correcto
145,6,French,droite
145,7,Russian,pravo
145,8,Sanskrit,dakshina
146,0,English,boy
146,1,German,yunge
146,2,Hindi,ladaka
146,3,Italian,ragatzo
146,4,Latin,Puer
146,5,Spanish,ninyo
146,6,French,garçon
146,7,Russian,malchik
146,8,Sanskrit,bala
147,0,English,old
147,1,German,alt
147,2,Hindi,puraana
147,3,Italian,vekhio
147,4,Latin,veteris
147,5,Spanish,antiguo
147,6,French,vieux
147,7,Russian,staryy
147,8,Sanskrit,prachina
148,0,English,too
148,1,German,aush
148,2,Hindi,bahut
148,3,Italian,pure
148,4,Latin,etiam
148,5,Spanish,tambien
148,6,French,aussi
148,7,Russian,tozhe
148,8,Sanskrit,athi
149,1,English,same
149,1,Sanskrit,sama
149,2,German,gleish
149,3,Hindi,vahee
149,4,Italian,sthesso
149,5,Latin,idem
149,6,Spanish,mismo
149,7,French,même
149,8,Russian,tak zhe
150,1,Italian,racconthare
150,1,Spanish,contar
150,2,English,tell
150,3,German,zagen
150,4,Hindi,kahana
150,5,Latin,amen dico
150,6,French,dire
150,7,Russian,skazat
150,8,Sanskrit,vadati
151,1,English,does
151,1,Latin,does
151,2,German,tut
151,3,Hindi,kar dethe hai
151,4,Italian,fa
151,5,Spanish,hacer
151,6,French,Est-ce que
151,7,Russian,"delayet 
"
151,8,Sanskrit,
152,1,English,set
152,1,Hindi,set
152,2,German,einstellen
152,3,Italian,impostato
152,4,Latin,statuto
152,5,Spanish,conhunto
152,6,French,ensemble
152,7,Russian,zadavat
152,8,Sanskrit,asta
153,1,English,three
153,1,Italian,thre
153,2,German,drei
153,3,Hindi,teen
153,4,Latin,tribus
153,5,Spanish,Tres
153,6,French,Trois
153,7,Russian,tri
153,8,Sanskrit,tisrah
154,0,English,want
154,1,German,wollen
154,2,Hindi,chaahate hain
154,3,Italian,volere
154,4,Latin,cupio
154,5,Spanish,querer
154,6,French,vouloir
154,7,Russian,khochu
154,8,Sanskrit,iccha
155,1,English,air
155,1,French,air
155,1,Spanish,aire
155,2,German,Luft
155,3,Hindi,vaayu
155,4,Italian,aria
155,5,Latin,caeli
155,6,Russian,vozdukh
155,7,Sanskrit,vyoman
156,1,French,bien
156,1,Italian,bene
156,1,Latin,bene
156,1,Spanish,bien
156,2,English,well
156,3,German,Gut
156,4,Hindi,kuna
156,5,Russian,Chto zh
156,6,Sanskrit,kalya
157,0,English,also
157,1,German,ebenfalls
157,2,Hindi,bhee
157,3,Italian,anke
157,4,Latin,etiam
157,5,Spanish,ademas
157,6,French,également
157,7,Russian,takzhe
157,8,Sanskrit,tatha
158,0,English,play
158,1,German,abspielen
158,2,Hindi,ple
158,3,Italian,jiokare
158,4,Latin,ludere
158,5,Spanish,hugar
158,6,French,jouer
158,7,Russian,igrat
158,8,Sanskrit,khel
159,0,English,small
159,1,German,klein
159,2,Hindi,chhota
159,3,Italian,piccolo
159,4,Latin,Parvus
159,5,Spanish,peqenyo
159,6,French,petit
159,7,Russian,malenkiy
159,8,Sanskrit,laghu
160,1,French,fin
160,1,Italian,fine
160,1,Latin,finis
160,1,Spanish,fin
160,2,Hindi,samaapt
160,2,Sanskrit,samapti
160,3,English,end
160,4,German,Ende
160,5,Russian,konets
161,1,French,mettre
161,1,Italian,mettere
161,2,English,put
161,3,German,ztellen
161,4,Hindi,daal
161,5,Latin,posuit
161,6,Spanish,poner
161,7,Russian,polozhil
161,8,Sanskrit,sthapayati
162,1,Italian,casa
162,1,Spanish,casa
162,2,English,home
162,3,German,Zuhause
162,4,Hindi,ghar
162,5,Latin,domum
162,6,French,maison
162,7,Russian,Glavnaya
162,8,Sanskrit,gruha
163,1,Italian,leggere
163,1,Latin,legere
163,1,Spanish,leer
163,2,English,read
163,3,German,lesen
163,4,Hindi,padhana
163,5,French,lis
163,6,Russian,chitat
163,7,Sanskrit,patathi
164,1,English,hand
164,1,German,Hand
164,2,French,main
164,2,Italian,mano
164,2,Spanish,mano
164,3,Hindi,haath
164,4,Latin,manibus
164,5,Russian,ruka
164,6,Sanskrit,hasta
165,1,English,port
165,1,French,Port
165,1,Italian,portha
165,1,Latin,portum
165,1,Russian,port
165,2,German,Hafen
165,3,Hindi,bandaragaah
165,4,Spanish,Puertho
165,5,Sanskrit,
166,1,French,grand
166,1,Italian,grande
166,1,Spanish,grande
166,2,English,large
166,3,German,gross
166,4,Hindi,vishaal
166,5,Latin,magna
166,6,Russian,bolshoy
166,7,Sanskrit,vizala
167,0,English,spell
167,1,German,buchstabieren
167,2,Hindi,jaadoo
167,3,Italian,sillabare
167,4,Latin,exponentia
167,5,Spanish,delethrear
167,6,French,épeler
167,7,Russian,orfografii
167,8,Sanskrit,abhichara
168,1,English,add
168,1,Latin,adde
168,2,German,hinzufügen
168,3,Hindi,jodana
168,4,Italian,Inserishi
168,5,Spanish,anyadir
168,6,French,ajouter
168,7,Russian,dobavlyat
168,8,Sanskrit,samachinoti
169,0,English,even
169,1,German,zogar
169,2,Hindi,yahaan tak kee
169,3,Italian,anke
169,4,Latin,etiam
169,5,Spanish,incluso
169,6,French,même
169,7,Russian,chetnoye
169,8,Sanskrit,api
170,1,French,terre
170,1,Italian,therra
170,1,Latin,terra
170,1,Spanish,thierra
170,2,Hindi,bhoomi
170,2,Sanskrit,bhumi
170,3,English,land
170,4,German,Lant
170,5,Russian,zemelnyye uchastki
171,0,English,here
171,1,German,Hier
171,2,Hindi,yahaan
171,3,Italian,Qui
171,4,Latin,hic
171,5,Spanish,aqui
171,6,French,ici
171,7,Russian,Vot
171,8,Sanskrit,
172,0,English,must
172,1,German,Muss
172,2,Hindi,jaroor
172,3,Italian,dhovere
172,4,Latin,"oportet,"
172,5,Spanish,dhebe
172,6,French,doit
172,7,Russian,dolzhen
172,8,Sanskrit,avashyam
173,1,Italian,grande
173,1,Spanish,grande
173,2,French,gros
173,2,German,gross
173,3,English,big
173,4,Hindi,bade
173,5,Latin,magnum
173,6,Russian,bolshoy
173,7,Sanskrit,bruhat
174,1,Hindi,uchch
174,1,Sanskrit,ucch
174,2,Italian,altho
174,2,Spanish,altho
174,3,English,high
174,4,German,hoch
174,5,Latin,altum
174,6,French,haute
174,7,Russian,vysoko
175,0,English,such
175,1,German,eine solche
175,2,Hindi,aisa
175,3,Italian,come
175,4,Latin,haec
175,5,Spanish,tal
175,6,French,tel
175,7,Russian,takiye
175,8,Sanskrit,tatha
176,1,Italian,Seguire
176,1,Latin,sequitur
176,1,Spanish,seguir
176,2,English,follow
176,3,German,Folgen
176,4,Hindi,ka paalan karen
176,5,French,suivre
176,6,Russian,sledovat
176,7,Sanskrit,aacharita
177,1,English,act
177,1,French,acte
177,1,Italian,attho
177,1,Latin,actum
177,1,Spanish,actho
177,2,German,Handlung
177,3,Hindi,adhiniyam
177,4,Russian,akt
177,5,Sanskrit,kriya
178,1,Italian,perke
178,1,Spanish,por ke
178,2,English,why
178,3,German,Warum
178,4,Hindi,kyoon kar
178,5,Latin,Quare
178,6,French,Pourquoi
178,7,Russian,Zachem
178,8,Sanskrit,kena
179,0,English,ask
179,1,German,Fragen
179,2,Hindi,poochhana
179,3,Italian,Chiedhere
179,4,Latin,quaerere
179,5,Spanish,pedhir
179,6,French,demander
179,7,Russian,prosit
179,8,Sanskrit,prachati
180,1,English,men
180,1,German,men
180,1,Latin,men
180,2,Hindi,purusho
180,2,Sanskrit,purusha
180,3,Italian,uamini
180,4,Spanish,hombres
180,5,French,Hommes
180,6,Russian,prosit
181,1,English,change
181,1,French,changement
181,2,German,feyanderung
181,3,Hindi,parivartan
181,4,Italian,modifikare
181,5,Latin,mutatio
181,6,Spanish,cambio
181,7,Russian,menyat
181,8,Sanskrit,parinati
182,1,English,went
182,1,Latin,went
182,2,German,ging
182,3,Hindi,chala gaya
182,4,Italian,andhatho
182,5,Spanish,fuimos
182,6,French,est allé
182,7,Russian,"otpravilsya
"
182,8,Sanskrit,
183,0,English,light
183,1,German,Lisht
183,2,Hindi,roshanee
183,3,Italian,luche
183,4,Latin,lux
183,5,Spanish,ligero
183,6,French,lumière
183,7,Russian,svet
183,8,Sanskrit,prakasha
184,0,English,kind
184,1,German,nett
184,2,Hindi,meharabaan
184,3,Italian,genere
184,4,Latin,genus
184,5,Spanish,tipo
184,6,French,gentil
184,7,Russian,Dobryy
184,8,Sanskrit,dayalu
185,1,English,off
185,1,Latin,off
185,2,German,aus
185,3,Hindi,band
185,4,Italian,via
185,5,Spanish,apagado
185,6,French,de
185,7,Russian,ot
185,8,Sanskrit,duram
186,0,English,need
186,1,German,braushen
186,2,Hindi,jarurat
186,3,Italian,bisonyo
186,4,Latin,necessitudo
186,5,Spanish,necesithar
186,6,French,avoir besoin
186,7,Russian,neobkhodimost
186,8,Sanskrit,avashyakatha
187,1,Italian,kasa
187,1,Spanish,kasa
187,2,English,house
187,2,Latin,house
187,3,German,haus
187,4,Hindi,makhan
187,5,French,maison
187,6,Russian,zhiloy dom
187,7,Sanskrit,vasathi
188,1,French,image
188,1,Italian,immagine
188,1,Spanish,imagen
188,2,Hindi,chitr
188,2,Sanskrit,chitra
188,3,English,picture
188,3,Latin,picturae
188,4,German,Bild
188,5,Russian,kartina
189,0,English,try
189,1,German,Versuchen
189,2,Hindi,prayatn
189,3,Italian,provare
189,4,Latin,tentant
189,5,Spanish,thrathar
189,6,French,essayer
189,7,Russian,pytatsya
189,8,Sanskrit,
190,1,English,us
190,1,German,uns
190,2,Italian,noi
190,2,Latin,nobis
190,3,Hindi,hamen
190,4,Spanish,nosothros
190,5,French,nous
190,6,Russian,nas
190,7,Sanskrit,vayam
191,0,English,again
191,1,German,nochmal
191,2,Hindi,phir
191,3,Italian,ancora
191,4,Latin,rursus
191,5,Spanish,otra vez
191,6,French,encore
191,7,Russian,snova
191,8,Sanskrit,punah
192,1,English,animal
192,1,French,animal
192,1,Italian,animale
192,1,Latin,"animalis,"
192,1,Spanish,animal
192,2,German,Tier
192,3,Hindi,jaanavar
192,4,Russian,zhivotnoye
192,5,Sanskrit,pashu
193,1,Hindi,bindu
193,1,Sanskrit,bindu
193,2,English,point
193,2,French,point
193,3,Italian,puntho
193,3,Spanish,puntho
193,4,German,Punkt
193,5,Latin,illud
193,6,Russian,tochka
194,1,Italian,madhre
194,1,Spanish,madhre
194,2,Hindi,maan
194,2,Russian,mama
194,3,English,mother
194,3,Latin,mater
194,3,Sanskrit,matru
194,4,German,Mutter
194,5,French,mère
195,1,French,monde
195,1,Italian,mondho
195,1,Spanish,mundho
195,2,English,world
195,3,German,Welt
195,4,Hindi,vishv
195,5,Latin,orbis
195,6,Russian,Mir
195,7,Sanskrit,jivaloka
196,0,English,near
196,1,German,nahe
196,2,Hindi,paas mein
196,3,Italian,vicino
196,4,Latin,prope
196,5,Spanish,cerca
196,6,French,près
196,7,Russian,vozle
196,8,Sanskrit,samipa
197,1,French,construire
197,1,Italian,costruire
197,1,Spanish,construir
197,2,English,build
197,3,German,bauen
197,4,Hindi,nirmaan
197,5,Latin,ædificem
197,6,Russian,stroit
197,7,Sanskrit,nirmimite
198,0,English,self
198,1,German,zelbst
198,2,Hindi,svayan
198,3,Italian,se stesso
198,4,Latin,sui
198,5,Spanish,yo
198,6,French,soi
198,7,Russian,sam
198,8,Sanskrit,atma
199,1,Hindi,prthvee
199,1,Sanskrit,prthvi
199,2,Italian,therra
199,2,Latin,terra
199,2,Spanish,thierra
199,3,English,earth
199,4,German,Erde
199,5,French,Terre
199,6,Russian,zemnoy shar
200,1,English,father
200,1,German,fater
200,1,Latin,pater
200,2,Italian,padhre
200,2,Spanish,padhre
200,3,Hindi,pita
200,4,French,père
200,5,Russian,otets
200,6,Sanskrit,janaka